tag	img_url
美腿-日本-背面-阳光-发丝	http://107.182.28.149/p1/girl13.com-2019-04-10-19-15-05_7m.jpg
美发-自拍	http://107.182.28.149/p1/girl13.com-2019-06-01-12-13-47_53.jpg
美发-气质	http://107.182.28.149/p1/girl13.com-2019-06-07-23-40-44_42.jpg
红色-发丝-吊带	http://107.182.28.149/p1/girl13.com-2019-04-04-23-54-29_3y.jpg
红色-身材	http://107.182.28.149/p1/girl13.com-2019-06-04-10-20-35_80.jpg
嘴唇-美发-阳光-手手	http://107.182.28.149/p1/girl13.com-2019-05-16-17-14-03_80.jpg
美发-女女	http://107.182.28.149/p1/girl13.com-2019-04-09-15-11-03_80.jpg
美发-小清新	http://107.182.28.149/p1/girl13.com-2019-04-02-20-38-26_80.jpg
阳光-小内内-身材	http://107.182.28.149/p1/girl13.com-2019-04-29-20-36-25_80.jpg
嘴唇-美瞳-美发-表情	http://107.182.28.149/v3/girl13.com-2018-09-29-23-00-08_80.jpg
美发-牛仔裤	http://107.182.28.149/v3/girl13.com-2018-09-18-22-38-29_80.jpg
牛仔裤-背面-发丝	http://107.182.28.149/v3/girl13.com-2018-09-17-22-36-11_80.jpg
美腿-小清新-背面-阳光	http://107.182.28.149/v3/girl13.com-2018-09-26-23-13-16_jl.jpg
姿势-淡黄-吊带	http://107.182.28.149/v3/girl13.com-2018-09-12-10-12-09_80.jpg
短发-沟沟	http://107.182.28.149/v3/girl13.com-2018-09-12-10-10-28_80.jpg
清纯-美发-日本	http://107.182.28.149/v3/girl13.com-2018-09-25-20-53-07_80.jpg
美发-表情	http://107.182.28.149/v3/girl13.com-2018-09-22-10-19-14_80.jpg
嘴唇-美发-红色	http://107.182.28.149/v3/girl13.com-2018-09-05-16-53-03_80.jpg
特写-表情-侧面-高清	http://107.182.28.149/v3/girl13.com-2018-09-06-16-25-54_80.jpg
嘴唇-身材-吊带	http://107.182.28.149/v3/girl13.com-2018-09-03-17-31-35_80.jpg
美腿-女女	http://107.182.28.149/v3/girl13.com-2018-09-18-22-43-37_80.jpg
背心-美瞳-沟沟	http://107.182.28.149/v3/girl13.com-2018-09-04-17-15-56_80.jpg
红色-表情	http://107.182.28.149/v3/girl13.com-2018-10-01-10-09-45_80.jpg
眼镜-女女	http://107.182.28.149/v3/girl13.com-2018-07-31-17-04-17_80.jpg
